OutboundNameAddress [name=Jonas, address=68 Sao paulo, Sao Paulo 03591070]
OutboundNameAddress [name=Isaque, address=68 Sao paulo, Sao Paulo 03591070]
OutboundNameAddress [name=Isaque, address=68 Sao paulo, Sao Paulo 03591070]
OutboundNameAddress [name=Isaque, address=68 Sao paulo, Sao Paulo 03591070]
OutboundNameAddress [name=Isaque, address=68 Sao paulo, Sao Paulo 03591070]
OutboundNameAddress [name=Isaque, address=68 Sao paulo, Sao Paulo 03591070]
OutboundNameAddress [name=Isaque, address=68 Sao paulo, Sao Paulo 03591070]
OutboundNameAddress [name=Isaque, address=68 Sao paulo, Sao Paulo 03591070]
OutboundNameAddress [name=Isaque, address=68 Sao paulo, Sao Paulo 03591070]
OutboundNameAddress [name=Isaque, address=68 Sao paulo, Sao Paulo 03591070]
OutboundNameAddress [name=Isaque, address=68 Sao paulo, Sao Paulo 03591070]
OutboundNameAddress [name=Isaque, address=68 Sao paulo, Sao Paulo 03591070]
